<?xml version="1.0" encoding="UTF-8" standalone="no"?><departamentos><departamento><numero>10<nombre>finanzas</nombre><Localidad>zaragoza</Localidad></numero></departamento><departamento><numero>20<nombre>ventas</nombre><Localidad>Huesca</Localidad></numero></departamento><departamento><numero>30<nombre>compras</nombre><Localidad>Teruel</Localidad></numero></departamento><departamento><numero>40<nombre>marketing</nombre><Localidad>Alcañiz</Localidad></numero></departamento><departamento><numero>45<nombre>marketing</nombre><Localidad>Alcañiz</Localidad></numero></departamento><departamento/></departamentos>